t,Potential,Kinetic,Total,Virial
1,-2434.99853515625,0.0408107042312622,-2434.95654296875,-612.277282714844
